photo_filename,class,xmin,ymin,xmax,ymax,width,height,conf
baltimor_890049675205553130_20150103.jpg,Toyota,574.0,516.0,614.0,542.0,640.0,640.0,0.663261
baltimor_890049675205553130_20150103.jpg,The North Face,262.0,449.0,290.0,482.0,640.0,640.0,0.726163
baltimor_890115942978043903_20150104.jpg,Adidas,162.0,267.0,190.0,297.0,640.0,640.0,0.809743
baltimor_890115942978043903_20150104.jpg,Adidas,456.0,260.0,484.0,287.0,640.0,640.0,0.882765
baltimor_890115942978043903_20150104.jpg,Adidas,453.0,570.0,487.0,601.0,640.0,640.0,0.890997
baltimor_890242197476720907_20150104.jpg,The North Face,76.0,236.0,107.0,260.0,640.0,640.0,0.626557
baltimor_890242197476720907_20150104.jpg,The North Face,367.0,238.0,393.0,261.0,640.0,640.0,0.731734
baltimor_890789364245018681_20150104.jpg,Adidas,382.0,248.0,416.0,274.0,640.0,640.0,0.878843
baltimor_891540813912793652_20150105.jpg,Coca-Cola,392.0,266.0,524.0,392.0,640.0,640.0,0.932172
baltimor_891540813912793652_20150105.jpg,Coca-Cola,158.0,266.0,285.0,389.0,640.0,640.0,0.938735
baltimor_891610222069838176_20150106.jpg,NFL,434.0,21.0,484.0,73.0,640.0,640.0,0.758901
baltimor_891610222069838176_20150106.jpg,Coca-Cola,291.0,0.0,364.0,46.0,640.0,640.0,0.760693
baltimor_893161358812649053_20150108.jpg,NFL,48.0,521.0,90.0,559.0,640.0,640.0,0.773919
baltimor_893694665852385798_20150108.jpg,Toyota,449.0,210.0,505.0,238.0,640.0,640.0,0.858806
baltimor_894172415379105368_20150109.jpg,Toyota,158.0,269.0,193.0,318.0,640.0,640.0,0.789272
baltimor_895091135977834568_20150110.jpg,The North Face,393.0,93.0,422.0,126.0,640.0,640.0,0.726218
baltimor_895137903289543230_20150110.jpg,The North Face,519.0,415.0,556.0,472.0,640.0,640.0,0.882891
baltimor_895738735023351526_20150111.jpg,The North Face,126.0,228.0,153.0,255.0,640.0,640.0,0.865127
baltimor_898660455495895590_20150115.jpg,Hard Rock Cafe,378.0,164.0,398.0,184.0,640.0,640.0,0.708302
baltimor_900085610800152626_20150117.jpg,Emirates,422.0,392.0,445.0,407.0,640.0,640.0,0.704321
baltimor_900470771094355783_20150118.jpg,Puma,203.0,355.0,401.0,477.0,640.0,640.0,0.915131
baltimor_901775583360016954_20150120.jpg,Starbucks,435.0,238.0,511.0,312.0,640.0,640.0,0.632301
baltimor_911233034520182167_20150202.jpg,The North Face,306.0,288.0,324.0,311.0,640.0,640.0,0.667067
baltimor_911233034520182167_20150202.jpg,Toyota,70.0,506.0,110.0,538.0,640.0,640.0,0.853268
baltimor_911655421443014520_20150202.jpg,Pepsi,312.0,207.0,375.0,247.0,640.0,640.0,0.866636
baltimor_912419249801478942_20150203.jpg,Puma,550.0,136.0,582.0,156.0,640.0,640.0,0.753392
baltimor_914024707807430128_20150205.jpg,Emirates,140.0,382.0,184.0,442.0,640.0,640.0,0.864742
baltimor_913677567066719903_20150205.jpg,Apple Inc-,365.0,71.0,558.0,541.0,640.0,640.0,0.846461
baltimor_914682566790324847_20150206.jpg,NFL,56.0,453.0,91.0,486.0,640.0,640.0,0.691625
baltimor_917448284125586925_20150210.jpg,Puma,280.0,0.0,354.0,40.0,640.0,640.0,0.84059
baltimor_920289375760199836_20150214.jpg,The North Face,308.0,134.0,324.0,153.0,640.0,640.0,0.699836
baltimor_921037092141250580_20150215.jpg,Mercedes-Benz,297.0,94.0,366.0,168.0,640.0,640.0,0.891889
baltimor_921913226126781230_20150216.jpg,Starbucks,588.0,505.0,640.0,639.0,640.0,640.0,0.813895
baltimor_921913226126781230_20150216.jpg,Starbucks,304.0,528.0,448.0,640.0,640.0,640.0,0.819432
baltimor_922140542164354314_20150217.jpg,Starbucks,578.0,304.0,598.0,327.0,640.0,640.0,0.678216
baltimor_924058051140240099_20150219.jpg,Coca-Cola,300.0,319.0,419.0,445.0,640.0,640.0,0.942427
baltimor_925503839987213592_20150221.jpg,Toyota,284.0,554.0,407.0,640.0,640.0,640.0,0.810131
baltimor_925515960099396623_20150221.jpg,Under Armour,372.0,331.0,640.0,589.0,640.0,640.0,0.724809
baltimor_927961711724706398_20150225.jpg,NFL,296.0,217.0,315.0,239.0,640.0,640.0,0.623311
baltimor_932670197173199664_20150303.jpg,Toyota,0.0,420.0,93.0,498.0,640.0,640.0,0.628448
baltimor_934673516535573001_20150306.jpg,Nike,179.0,318.0,385.0,396.0,640.0,640.0,0.790465
baltimor_935044816020965031_20150306.jpg,Toyota,364.0,140.0,444.0,204.0,640.0,640.0,0.680021
baltimor_938442621197990035_20150311.jpg,Hard Rock Cafe,101.0,599.0,122.0,615.0,640.0,640.0,0.736855
baltimor_938597282417818527_20150311.jpg,Emirates,449.0,584.0,502.0,631.0,640.0,640.0,0.885677
baltimor_939269002930460182_20150312.jpg,NFL,360.0,535.0,523.0,640.0,640.0,640.0,0.809912
baltimor_939975237876707259_20150313.jpg,Mercedes-Benz,296.0,69.0,315.0,90.0,640.0,640.0,0.725965
baltimor_940130444143296757_20150314.jpg,Hard Rock Cafe,27.0,380.0,70.0,412.0,640.0,640.0,0.800772
baltimor_940565436687287538_20150314.jpg,Adidas,470.0,250.0,513.0,281.0,640.0,640.0,0.633877
baltimor_941239300561178628_20150315.jpg,Puma,264.0,524.0,303.0,552.0,640.0,640.0,0.679364
baltimor_944941239016159532_20150320.jpg,Nike,179.0,205.0,455.0,459.0,640.0,640.0,0.674481
baltimor_946416409637784584_20150322.jpg,Emirates,1.0,359.0,65.0,404.0,640.0,640.0,0.775404
baltimor_946468363527914407_20150322.jpg,Toyota,273.0,563.0,310.0,584.0,640.0,640.0,0.787193
baltimor_949030181579917497_20150326.jpg,Toyota,548.0,360.0,579.0,375.0,640.0,640.0,0.756788
baltimor_949030181579917497_20150326.jpg,Toyota,536.0,42.0,612.0,75.0,640.0,640.0,0.918274
baltimor_950462029369196564_20150328.jpg,Puma,135.0,411.0,165.0,445.0,640.0,640.0,0.669771
baltimor_954567395639578193_20150402.jpg,Toyota,114.0,590.0,165.0,624.0,640.0,640.0,0.790251
baltimor_955879744445940139_20150404.jpg,Puma,375.0,361.0,408.0,389.0,640.0,640.0,0.791648
baltimor_955323519943299240_20150403.jpg,Toyota,253.0,308.0,399.0,367.0,640.0,640.0,0.709915
baltimor_955429292445292980_20150404.jpg,Toyota,271.0,179.0,324.0,201.0,640.0,640.0,0.866841
baltimor_956011685355534283_20150404.jpg,Toyota,298.0,477.0,353.0,571.0,640.0,640.0,0.626013
baltimor_956463766818338776_20150405.jpg,NFL,396.0,584.0,459.0,640.0,640.0,640.0,0.804023
baltimor_959678010307868605_20150409.jpg,Puma,291.0,122.0,341.0,165.0,640.0,640.0,0.753737
baltimor_959678010307868605_20150409.jpg,Puma,425.0,591.0,455.0,613.0,640.0,640.0,0.776751
baltimor_959678010307868605_20150409.jpg,Puma,544.0,359.0,627.0,408.0,640.0,640.0,0.886435
baltimor_959018501890150109_20150409.jpg,Apple Inc-,94.0,254.0,190.0,350.0,640.0,640.0,0.874264
baltimor_959805031547638042_20150410.jpg,Emirates,141.0,301.0,193.0,374.0,640.0,640.0,0.711647
baltimor_960786713081861352_20150411.jpg,Starbucks,256.0,296.0,298.0,327.0,640.0,640.0,0.666217
baltimor_961860394574855013_20150412.jpg,Nike,386.0,28.0,409.0,55.0,640.0,640.0,0.646285
baltimor_961874335040667158_20150413.jpg,Toyota,384.0,274.0,470.0,322.0,640.0,640.0,0.697022
baltimor_961874335040667158_20150413.jpg,Toyota,212.0,212.0,308.0,252.0,640.0,640.0,0.829552
baltimor_961915497571444192_20150413.jpg,Adidas,192.0,225.0,224.0,251.0,640.0,640.0,0.741413
baltimor_963419872501889021_20150415.jpg,Coca-Cola,208.0,251.0,264.0,305.0,640.0,640.0,0.824126
baltimor_963914288151380890_20150415.jpg,Puma,283.0,141.0,353.0,187.0,640.0,640.0,0.716352
baltimor_964564244404959176_20150416.jpg,The North Face,0.0,241.0,18.0,269.0,640.0,640.0,0.62826
baltimor_964757209263879794_20150416.jpg,NFL,204.0,391.0,272.0,455.0,640.0,640.0,0.676042
baltimor_965115853199585389_20150417.jpg,Mercedes-Benz,26.0,321.0,234.0,439.0,640.0,640.0,0.875785
baltimor_965905352085544066_20150418.jpg,Toyota,47.0,463.0,121.0,497.0,640.0,640.0,0.813013
baltimor_966330053904351487_20150419.jpg,Under Armour,351.0,288.0,373.0,311.0,640.0,640.0,0.640681
baltimor_966802735128598744_20150419.jpg,Mercedes-Benz,269.0,299.0,290.0,320.0,640.0,640.0,0.822561
baltimor_966857952718432868_20150419.jpg,Mercedes-Benz,433.0,288.0,559.0,386.0,640.0,640.0,0.799752
baltimor_966857952718432868_20150419.jpg,Mercedes-Benz,90.0,471.0,261.0,636.0,640.0,640.0,0.844822
baltimor_967717141615302287_20150421.jpg,Toyota,349.0,324.0,386.0,347.0,640.0,640.0,0.662524
baltimor_969235856028734497_20150423.jpg,Nike,0.0,596.0,39.0,623.0,640.0,640.0,0.662624
baltimor_971069073362821089_20150425.jpg,Puma,509.0,379.0,543.0,405.0,640.0,640.0,0.772673
baltimor_972851146261518278_20150428.jpg,Under Armour,255.0,415.0,268.0,444.0,640.0,640.0,0.628997
baltimor_972883234313467021_20150428.jpg,Mercedes-Benz,287.0,426.0,364.0,482.0,640.0,640.0,0.904042
baltimor_973219802740379772_20150428.jpg,NFL,88.0,562.0,118.0,592.0,640.0,640.0,0.659389
baltimor_973358370683910342_20150428.jpg,Hard Rock Cafe,21.0,95.0,57.0,129.0,640.0,640.0,0.811015
baltimor_973277142933120722_20150428.jpg,Emirates,309.0,216.0,339.0,236.0,640.0,640.0,0.844789
baltimor_973291658993703170_20150428.jpg,Emirates,273.0,467.0,294.0,483.0,640.0,640.0,0.69737
baltimor_973340939331785726_20150428.jpg,NFL,139.0,563.0,160.0,584.0,640.0,640.0,0.755841
baltimor_973454593097489995_20150428.jpg,Mercedes-Benz,184.0,333.0,246.0,382.0,640.0,640.0,0.741181
baltimor_973960378270204348_20150429.jpg,Toyota,189.0,467.0,266.0,504.0,640.0,640.0,0.894543
baltimor_973974209701731310_20150429.jpg,Under Armour,598.0,580.0,622.0,639.0,640.0,640.0,0.67958
baltimor_974038473201805184_20150429.jpg,Hard Rock Cafe,414.0,385.0,445.0,399.0,640.0,640.0,0.649308
baltimor_974812751775530699_20150430.jpg,Apple Inc-,0.0,414.0,36.0,453.0,640.0,640.0,0.654419
baltimor_974831628511483031_20150430.jpg,Coca-Cola,39.0,65.0,84.0,110.0,640.0,640.0,0.69564
baltimor_974836504572602109_20150430.jpg,Mercedes-Benz,465.0,573.0,499.0,602.0,640.0,640.0,0.773576
baltimor_975373562057803316_20150501.jpg,Adidas,158.0,215.0,265.0,257.0,640.0,640.0,0.905105
baltimor_976154047051745649_20150502.jpg,Coca-Cola,243.0,5.0,339.0,109.0,640.0,640.0,0.92408
baltimor_977702372908450515_20150504.jpg,Toyota,43.0,197.0,123.0,239.0,640.0,640.0,0.847745
baltimor_977702888950448863_20150504.jpg,Toyota,64.0,327.0,136.0,372.0,640.0,640.0,0.872325
baltimor_978351848566103543_20150505.jpg,Mercedes-Benz,370.0,240.0,430.0,287.0,640.0,640.0,0.766979
baltimor_978515473221091471_20150505.jpg,Mercedes-Benz,479.0,320.0,581.0,383.0,640.0,640.0,0.853532
baltimor_979087777882172731_20150506.jpg,Mercedes-Benz,421.0,334.0,455.0,358.0,640.0,640.0,0.851147
baltimor_979113001471315224_20150506.jpg,Apple Inc-,287.0,226.0,349.0,306.0,640.0,640.0,0.659781
baltimor_979120174024213534_20150506.jpg,Apple Inc-,298.0,215.0,360.0,297.0,640.0,640.0,0.687143
baltimor_980811077718765705_20150509.jpg,NFL,75.0,294.0,128.0,365.0,640.0,640.0,0.747334
baltimor_980819591451242835_20150509.jpg,Mercedes-Benz,376.0,200.0,427.0,223.0,640.0,640.0,0.648948
baltimor_981264480388807981_20150509.jpg,Nike,17.0,117.0,52.0,138.0,640.0,640.0,0.649405
baltimor_982954612236097476_20150512.jpg,Nike,0.0,599.0,40.0,624.0,640.0,640.0,0.672599
baltimor_982991762253492401_20150512.jpg,Puma,418.0,32.0,457.0,71.0,640.0,640.0,0.700408
baltimor_983539602082419867_20150512.jpg,Hard Rock Cafe,362.0,105.0,441.0,138.0,640.0,640.0,0.691694
baltimor_986333687740901119_20150516.jpg,Toyota,266.0,592.0,286.0,615.0,640.0,640.0,0.676889
baltimor_987994195219067727_20150519.jpg,NFL,313.0,588.0,399.0,639.0,640.0,640.0,0.899091
baltimor_988007174368788064_20150519.jpg,Mercedes-Benz,157.0,490.0,187.0,513.0,640.0,640.0,0.810592
baltimor_988665180478553982_20150519.jpg,Hard Rock Cafe,49.0,260.0,73.0,283.0,640.0,640.0,0.693259
baltimor_988847730942774562_20150520.jpg,Mercedes-Benz,215.0,465.0,421.0,509.0,640.0,640.0,0.628929
baltimor_988847730942774562_20150520.jpg,Mercedes-Benz,558.0,362.0,602.0,393.0,640.0,640.0,0.818871
baltimor_990151811014529593_20150522.jpg,Emirates,456.0,558.0,504.0,616.0,640.0,640.0,0.901731
baltimor_989876620002986082_20150521.jpg,Coca-Cola,569.0,256.0,639.0,360.0,640.0,640.0,0.652918
baltimor_992108600283755871_20150524.jpg,Nike,78.0,263.0,122.0,284.0,640.0,640.0,0.779591
baltimor_992731561518017879_20150525.jpg,Puma,437.0,0.0,490.0,38.0,640.0,640.0,0.675849
baltimor_992772948073535238_20150525.jpg,NFL,479.0,552.0,512.0,591.0,640.0,640.0,0.901328
baltimor_992785186779019909_20150525.jpg,Mercedes-Benz,488.0,207.0,512.0,224.0,640.0,640.0,0.817185
baltimor_993576881850167648_20150526.jpg,Apple Inc-,260.0,83.0,287.0,104.0,640.0,640.0,0.636073
baltimor_993576881850167648_20150526.jpg,Adidas,0.0,254.0,18.0,289.0,640.0,640.0,0.642246
baltimor_993576881850167648_20150526.jpg,Apple Inc-,238.0,266.0,273.0,296.0,640.0,640.0,0.802453
baltimor_993886017455827329_20150527.jpg,The North Face,65.0,236.0,102.0,276.0,640.0,640.0,0.708694
baltimor_994263888670613747_20150527.jpg,Toyota,33.0,368.0,70.0,387.0,640.0,640.0,0.718407
baltimor_994263888670613747_20150527.jpg,Toyota,501.0,119.0,557.0,145.0,640.0,640.0,0.881111
baltimor_996788629336895774_20150531.jpg,Nike,309.0,364.0,579.0,544.0,640.0,640.0,0.824586
baltimor_1000781460505509994_20150605.jpg,Adidas,310.0,258.0,333.0,293.0,640.0,640.0,0.757703
baltimor_1000336403208598088_20150605.jpg,NFL,124.0,390.0,146.0,414.0,640.0,640.0,0.715411
baltimor_1000878870462276442_20150605.jpg,Toyota,308.0,69.0,336.0,94.0,640.0,640.0,0.677557
baltimor_1000998850350504609_20150605.jpg,Starbucks,448.0,313.0,470.0,335.0,640.0,640.0,0.85585
baltimor_1001388737252476696_20150606.jpg,Adidas,444.0,489.0,467.0,506.0,640.0,640.0,0.653075
baltimor_1001415139023181247_20150606.jpg,Toyota,509.0,32.0,605.0,71.0,640.0,640.0,0.917063
baltimor_1001672532774287990_20150606.jpg,Starbucks,229.0,453.0,246.0,470.0,640.0,640.0,0.659345
baltimor_1001548196161937742_20150606.jpg,Toyota,510.0,32.0,560.0,71.0,640.0,640.0,0.868742
baltimor_1001849770999514769_20150607.jpg,Mercedes-Benz,286.0,292.0,333.0,322.0,640.0,640.0,0.859233
baltimor_1002424338795187208_20150607.jpg,Puma,171.0,431.0,245.0,492.0,640.0,640.0,0.83067
baltimor_1002922756305733143_20150608.jpg,Starbucks,91.0,249.0,329.0,491.0,640.0,640.0,0.729814
baltimor_1003167957528184760_20150608.jpg,Starbucks,359.0,274.0,540.0,441.0,640.0,640.0,0.931607
baltimor_1006592547860243673_20150613.jpg,Toyota,607.0,595.0,632.0,616.0,640.0,640.0,0.681642
baltimor_1008327643040991640_20150616.jpg,Puma,126.0,49.0,185.0,94.0,640.0,640.0,0.748456
baltimor_1010529462948957783_20150619.jpg,Mercedes-Benz,412.0,416.0,559.0,524.0,640.0,640.0,0.789915
baltimor_1011537313631514928_20150620.jpg,Nike,0.0,277.0,83.0,302.0,640.0,640.0,0.624733
baltimor_1012985358325810880_20150622.jpg,Nike,356.0,333.0,640.0,631.0,640.0,640.0,0.819978
baltimor_997420614522292583_20150601.jpg,Toyota,171.0,251.0,264.0,293.0,640.0,640.0,0.919223
baltimor_999214689512586044_20150603.jpg,Under Armour,465.0,72.0,495.0,111.0,640.0,640.0,0.664665
baltimor_999422889381994236_20150603.jpg,Puma,498.0,306.0,572.0,361.0,640.0,640.0,0.680285
baltimor_1019686697824736822_20150701.jpg,Nike,235.0,166.0,417.0,245.0,640.0,640.0,0.834183
baltimor_1019913853413221377_20150702.jpg,Hard Rock Cafe,75.0,406.0,93.0,422.0,640.0,640.0,0.64844
baltimor_1019913853413221377_20150702.jpg,Hard Rock Cafe,395.0,401.0,413.0,419.0,640.0,640.0,0.693332
baltimor_1021887613654018872_20150704.jpg,Adidas,392.0,388.0,709.0,543.0,1080.0,1080.0,0.704259
baltimor_1021920539281337557_20150704.jpg,Hard Rock Cafe,538.0,744.0,575.0,786.0,1080.0,1080.0,0.814326
baltimor_1023186682478233915_20150706.jpg,Puma,523.0,194.0,604.0,251.0,1080.0,1080.0,0.674076
baltimor_1024074156654102934_20150707.jpg,Puma,796.0,545.0,876.0,621.0,1080.0,1080.0,0.631433
baltimor_1026505738666495291_20150711.jpg,Under Armour,376.0,577.0,535.0,704.0,1080.0,1080.0,0.640694
baltimor_1028974768565580163_20150714.jpg,Pepsi,15.0,1004.0,157.0,1066.0,1080.0,1080.0,0.784208
baltimor_1029474943014379448_20150715.jpg,NFL,165.0,210.0,217.0,280.0,763.0,763.0,0.898221
baltimor_1029874622571902986_20150715.jpg,The North Face,832.0,1021.0,869.0,1063.0,1080.0,1080.0,0.827215
baltimor_1031288495681870553_20150717.jpg,Mercedes-Benz,871.0,2.0,1002.0,96.0,1080.0,1080.0,0.919894
baltimor_1032085371912419429_20150718.jpg,Toyota,292.0,933.0,417.0,984.0,1080.0,1080.0,0.863008
baltimor_1032746532379740105_20150719.jpg,Mercedes-Benz,463.0,397.0,498.0,423.0,750.0,750.0,0.717297
baltimor_1032241230108751526_20150719.jpg,Toyota,127.0,223.0,162.0,246.0,481.0,481.0,0.694971
baltimor_1035883926703622057_20150724.jpg,Toyota,69.0,516.0,128.0,550.0,1080.0,1080.0,0.694603
baltimor_1035883926703622057_20150724.jpg,Toyota,327.0,375.0,386.0,407.0,1080.0,1080.0,0.79641
baltimor_1035363754046213718_20150723.jpg,Nike,857.0,459.0,943.0,489.0,1080.0,1080.0,0.750575
baltimor_1037176053672744558_20150725.jpg,Nike,140.0,167.0,602.0,366.0,1080.0,1080.0,0.623236
baltimor_1037942922951503486_20150726.jpg,Nike,418.0,116.0,491.0,172.0,1080.0,1080.0,0.780587
baltimor_1041449735595108849_20150731.jpg,Puma,214.0,0.0,277.0,39.0,640.0,640.0,0.696222
baltimor_1041449735595108849_20150731.jpg,Puma,550.0,244.0,640.0,304.0,640.0,640.0,0.822772
baltimor_1040638308596908761_20150730.jpg,Mercedes-Benz,148.0,773.0,334.0,879.0,1080.0,1080.0,0.878521
baltimor_1042163224521888475_20150801.jpg,Adidas,77.0,206.0,106.0,232.0,320.0,320.0,0.90171
baltimor_1042757765001824686_20150802.jpg,Toyota,126.0,559.0,225.0,591.0,751.0,751.0,0.881503
baltimor_1043025566186114456_20150802.jpg,Puma,1045.0,694.0,1080.0,764.0,1080.0,1080.0,0.68187
baltimor_1043025566186114456_20150802.jpg,Puma,479.0,223.0,587.0,287.0,1080.0,1080.0,0.781169
baltimor_1045131544183378518_20150805.jpg,Nike,721.0,582.0,910.0,640.0,1080.0,1080.0,0.864962
baltimor_1045236279954601864_20150806.jpg,Puma,1012.0,793.0,1078.0,859.0,1080.0,1080.0,0.721289
baltimor_1046435325444320793_20150807.jpg,Coca-Cola,0.0,1031.0,46.0,1080.0,1080.0,1080.0,0.746429
baltimor_1047843631565261782_20150809.jpg,Puma,223.0,194.0,310.0,270.0,1080.0,1080.0,0.725075
baltimor_1048176173073228881_20150810.jpg,Toyota,564.0,1007.0,616.0,1056.0,1080.0,1080.0,0.687851
baltimor_1048703258489189827_20150810.jpg,The North Face,402.0,854.0,456.0,899.0,1080.0,1080.0,0.729265
baltimor_1049449616602110508_20150811.jpg,Apple Inc-,177.0,856.0,267.0,933.0,1080.0,1080.0,0.784359
baltimor_1049450993944435284_20150811.jpg,Toyota,330.0,331.0,542.0,418.0,612.0,612.0,0.742135
baltimor_1050143541747756469_20150812.jpg,Mercedes-Benz,587.0,95.0,656.0,172.0,748.0,748.0,0.880393
baltimor_1051439756403578629_20150814.jpg,The North Face,189.0,754.0,267.0,830.0,1080.0,1080.0,0.900906
baltimor_1051452551807764104_20150814.jpg,NFL,290.0,483.0,336.0,535.0,1080.0,1080.0,0.62498
baltimor_1051476435854041817_20150814.jpg,Hard Rock Cafe,143.0,609.0,197.0,651.0,1080.0,1080.0,0.751593
baltimor_1052319471618705590_20150815.jpg,Hard Rock Cafe,417.0,371.0,484.0,437.0,1080.0,1080.0,0.858383
baltimor_1052522476931599425_20150816.jpg,Mercedes-Benz,717.0,997.0,764.0,1061.0,1080.0,1080.0,0.78813
baltimor_1052522476931599425_20150816.jpg,Mercedes-Benz,245.0,29.0,346.0,71.0,1080.0,1080.0,0.79466
baltimor_1053077473035649467_20150816.jpg,Toyota,31.0,185.0,89.0,230.0,640.0,640.0,0.637939
baltimor_1053159940181213679_20150816.jpg,Adidas,0.0,3.0,358.0,267.0,1080.0,1080.0,0.658717
baltimor_1053515194389256307_20150817.jpg,Nike,258.0,443.0,327.0,476.0,750.0,750.0,0.628938
baltimor_1053515194389256307_20150817.jpg,Nike,21.0,547.0,90.0,578.0,750.0,750.0,0.652382
baltimor_1054614725428438320_20150818.jpg,Puma,964.0,731.0,1026.0,778.0,1080.0,1080.0,0.717384
baltimor_1055058443482166377_20150819.jpg,Apple Inc-,105.0,5.0,172.0,69.0,1080.0,1080.0,0.780001
baltimor_1055813959713888043_20150820.jpg,Puma,881.0,613.0,982.0,695.0,1080.0,1080.0,0.697976
baltimor_1055813959713888043_20150820.jpg,Puma,481.0,243.0,559.0,310.0,1080.0,1080.0,0.739248
baltimor_1056073175923930100_20150820.jpg,Emirates,133.0,322.0,181.0,353.0,1080.0,1080.0,0.706248
baltimor_1057156990458820501_20150822.jpg,Under Armour,320.0,380.0,528.0,490.0,640.0,640.0,0.765444
baltimor_1057310712052508759_20150822.jpg,Toyota,63.0,525.0,113.0,555.0,640.0,640.0,0.889212
baltimor_1057510306093755783_20150822.jpg,The North Face,294.0,19.0,340.0,75.0,634.0,634.0,0.844081
baltimor_1057624133215065415_20150823.jpg,Nike,0.0,1011.0,66.0,1055.0,1080.0,1080.0,0.637268
baltimor_1059383040097337514_20150825.jpg,Adidas,582.0,645.0,653.0,688.0,1080.0,1080.0,0.69067
baltimor_1059479636478247873_20150825.jpg,The North Face,707.0,170.0,758.0,228.0,1080.0,1080.0,0.770764
baltimor_1059479636478247873_20150825.jpg,The North Face,820.0,808.0,886.0,886.0,1080.0,1080.0,0.863281
baltimor_1059598932947612937_20150825.jpg,Mercedes-Benz,238.0,634.0,275.0,667.0,1080.0,1080.0,0.718503
baltimor_1060100500259153617_20150826.jpg,Toyota,363.0,385.0,533.0,471.0,1080.0,1080.0,0.721018
baltimor_1060137476521578613_20150826.jpg,Coca-Cola,281.0,281.0,315.0,316.0,612.0,612.0,0.793671
baltimor_1060516848106509934_20150827.jpg,The North Face,313.0,49.0,664.0,370.0,714.0,714.0,0.773594
baltimor_1061118688769684048_20150827.jpg,Coca-Cola,520.0,392.0,618.0,466.0,1080.0,1080.0,0.65837
baltimor_1061118688769684048_20150827.jpg,Coca-Cola,569.0,435.0,754.0,577.0,1080.0,1080.0,0.689714
baltimor_1061126191715386776_20150827.jpg,Toyota,69.0,540.0,143.0,579.0,1080.0,1080.0,0.857527
baltimor_1061988800903087559_20150829.jpg,Toyota,324.0,476.0,422.0,548.0,1080.0,1080.0,0.777223
baltimor_1063318152140283680_20150830.jpg,Mercedes-Benz,523.0,118.0,602.0,197.0,1080.0,1080.0,0.689122
baltimor_1063133355309590955_20150830.jpg,Toyota,0.0,296.0,14.0,327.0,536.0,536.0,0.625259
baltimor_1063320762107204460_20150830.jpg,Coca-Cola,213.0,683.0,388.0,840.0,1080.0,1080.0,0.778033
baltimor_1063892548147315904_20150831.jpg,Hard Rock Cafe,265.0,643.0,327.0,678.0,1080.0,1080.0,0.716171
baltimor_1063785293480327051_20150831.jpg,Mercedes-Benz,908.0,646.0,969.0,697.0,1080.0,1080.0,0.777237
baltimor_1064088852388177390_20150901.jpg,Toyota,453.0,416.0,479.0,442.0,480.0,480.0,0.764405
baltimor_1064638692595062549_20150901.jpg,Starbucks,194.0,483.0,291.0,571.0,1024.0,1024.0,0.90806
baltimor_1064755169641847130_20150901.jpg,Emirates,0.0,576.0,24.0,608.0,640.0,640.0,0.848093
baltimor_1064832255553900885_20150902.jpg,Puma,408.0,353.0,677.0,518.0,1080.0,1080.0,0.726643
baltimor_1064836422066442675_20150902.jpg,Puma,471.0,339.0,616.0,430.0,1080.0,1080.0,0.807663
baltimor_1065699691021393580_20150903.jpg,Toyota,862.0,932.0,889.0,992.0,1080.0,1080.0,0.69744
baltimor_1065976209466314732_20150903.jpg,Coca-Cola,299.0,862.0,402.0,980.0,1080.0,1080.0,0.756026
baltimor_1066140960997317132_20150903.jpg,Toyota,732.0,343.0,832.0,386.0,1080.0,810.0,0.816599
baltimor_1066882676155462956_20150904.jpg,Mercedes-Benz,508.0,604.0,559.0,650.0,1080.0,1080.0,0.677972
baltimor_1067463742866183107_20150905.jpg,Apple Inc-,325.0,160.0,374.0,198.0,612.0,612.0,0.858958
baltimor_1067420381346324655_20150905.jpg,Coca-Cola,235.0,81.0,694.0,587.0,1080.0,1080.0,0.937775
baltimor_1067589200968744243_20150905.jpg,NFL,275.0,25.0,751.0,494.0,1080.0,1350.0,0.806945
baltimor_1068194777121784807_20150906.jpg,Toyota,717.0,299.0,753.0,348.0,1080.0,1080.0,0.713258
baltimor_1068171132182685118_20150906.jpg,Puma,837.0,606.0,908.0,662.0,1080.0,1080.0,0.688058
baltimor_1068430886554330296_20150907.jpg,NFL,144.0,622.0,184.0,676.0,720.0,900.0,0.744357
baltimor_1068814293589341892_20150907.jpg,The North Face,414.0,358.0,458.0,422.0,575.0,575.0,0.725234
baltimor_1069010834161000583_20150907.jpg,The North Face,390.0,25.0,420.0,57.0,1080.0,1080.0,0.636675
baltimor_1069801817853944424_20150908.jpg,Puma,489.0,223.0,589.0,289.0,1080.0,1080.0,0.72921
baltimor_1070438381717156423_20150909.jpg,NFL,793.0,214.0,850.0,284.0,1080.0,1080.0,0.881017
baltimor_1070384354148340381_20150909.jpg,Coca-Cola,100.0,247.0,148.0,293.0,612.0,612.0,0.806141
baltimor_1070593326409537247_20150910.jpg,Toyota,584.0,413.0,624.0,438.0,640.0,640.0,0.704386
baltimor_1071059868226242791_20150910.jpg,Apple Inc-,570.0,565.0,695.0,616.0,1080.0,1080.0,0.658701
baltimor_1071278109604893852_20150910.jpg,The North Face,30.0,278.0,86.0,343.0,1080.0,1330.0,0.794477
baltimor_1072085973984085917_20150912.jpg,The North Face,338.0,888.0,399.0,958.0,960.0,960.0,0.869084
baltimor_1072139759617206209_20150912.jpg,Puma,1009.0,513.0,1080.0,606.0,1080.0,1328.0,0.852878
baltimor_1073322530705032114_20150913.jpg,Apple Inc-,172.0,668.0,489.0,841.0,1080.0,841.0,0.837636
baltimor_1073289887644057478_20150913.jpg,The North Face,6.0,734.0,44.0,778.0,1000.0,1000.0,0.718944
baltimor_1073302115578257039_20150913.jpg,Puma,878.0,660.0,958.0,738.0,1080.0,1350.0,0.733903
baltimor_1073473606037892520_20150913.jpg,Nike,479.0,538.0,606.0,633.0,1080.0,1080.0,0.775776
baltimor_1074210018143302352_20150915.jpg,Coca-Cola,322.0,2.0,418.0,97.0,1080.0,1003.0,0.676895
baltimor_1074035215888145044_20150914.jpg,The North Face,793.0,953.0,852.0,1046.0,1080.0,1081.0,0.828026
baltimor_1074035215888145044_20150914.jpg,Toyota,64.0,723.0,219.0,797.0,1080.0,1081.0,0.868638
baltimor_1074334629076541161_20150915.jpg,Toyota,547.0,439.0,608.0,479.0,1080.0,1080.0,0.828933
baltimor_1074334629076541161_20150915.jpg,Pepsi,569.0,489.0,748.0,618.0,1080.0,1080.0,0.855669
baltimor_1075111900981239995_20150916.jpg,Adidas,7.0,874.0,392.0,1080.0,1080.0,1080.0,0.654819
baltimor_1075997437169513764_20150917.jpg,NFL,461.0,3.0,579.0,128.0,1080.0,1080.0,0.937042
baltimor_1076269960794140791_20150917.jpg,Adidas,191.0,274.0,309.0,350.0,640.0,640.0,0.767787
baltimor_1076368995988631232_20150917.jpg,Starbucks,462.0,537.0,497.0,574.0,640.0,640.0,0.660568
baltimor_1076869342087728308_20150918.jpg,Coca-Cola,582.0,940.0,626.0,982.0,1080.0,1080.0,0.72429
baltimor_1076529843528438498_20150918.jpg,Hard Rock Cafe,910.0,71.0,952.0,118.0,1080.0,1080.0,0.750078
baltimor_1076958279477680370_20150918.jpg,Starbucks,604.0,0.0,639.0,84.0,640.0,640.0,0.753797
baltimor_1077085238921514729_20150918.jpg,Puma,619.0,520.0,721.0,599.0,1080.0,1080.0,0.692991
baltimor_1077830962784717738_20150920.jpg,Mercedes-Benz,253.0,775.0,324.0,824.0,1080.0,1080.0,0.866417
baltimor_1077914387006270237_20150920.jpg,NFL,273.0,292.0,422.0,496.0,1080.0,1080.0,0.666166
baltimor_1078317146524265265_20150920.jpg,The North Face,870.0,316.0,904.0,356.0,960.0,960.0,0.720508
baltimor_1078317146524265265_20150920.jpg,The North Face,244.0,333.0,272.0,368.0,960.0,960.0,0.732151
baltimor_1078317146524265265_20150920.jpg,The North Face,670.0,621.0,698.0,656.0,960.0,960.0,0.760389
baltimor_1078426717789585274_20150920.jpg,Toyota,509.0,32.0,605.0,71.0,640.0,640.0,0.919219
baltimor_1078436832017710065_20150920.jpg,Toyota,66.0,569.0,94.0,595.0,640.0,640.0,0.735091
baltimor_1078934219553999751_20150921.jpg,Puma,418.0,784.0,517.0,885.0,901.0,1128.0,0.700232
baltimor_1078934219553999751_20150921.jpg,Puma,262.0,81.0,650.0,293.0,901.0,1128.0,0.888871
baltimor_1078996324541785550_20150921.jpg,Toyota,0.0,498.0,206.0,640.0,640.0,640.0,0.683897
baltimor_1078926966255656094_20150921.jpg,Coca-Cola,197.0,334.0,310.0,440.0,720.0,720.0,0.836321
baltimor_1078926966255656094_20150921.jpg,Coca-Cola,352.0,260.0,467.0,375.0,720.0,720.0,0.943417
baltimor_1079008361669841182_20150921.jpg,Toyota,19.0,458.0,85.0,485.0,640.0,640.0,0.901853
baltimor_1079787590095974131_20150922.jpg,Starbucks,242.0,377.0,300.0,435.0,731.0,731.0,0.917083
baltimor_1079630224703454348_20150922.jpg,NFL,417.0,533.0,560.0,675.0,1080.0,1080.0,0.930543
baltimor_1080163311538871411_20150923.jpg,Emirates,201.0,415.0,263.0,452.0,1080.0,1080.0,0.709956
baltimor_1080589957640634109_20150923.jpg,Nike,452.0,155.0,716.0,248.0,1080.0,1080.0,0.910787
baltimor_1080590754608583730_20150923.jpg,The North Face,682.0,270.0,754.0,310.0,1080.0,1080.0,0.709208
baltimor_1080699669076755748_20150923.jpg,Toyota,27.0,955.0,100.0,992.0,1080.0,1080.0,0.699469
baltimor_1081333036989769690_20150924.jpg,Toyota,764.0,46.0,909.0,108.0,960.0,960.0,0.92601
baltimor_1081934466446491160_20150925.jpg,Hard Rock Cafe,365.0,268.0,429.0,316.0,772.0,772.0,0.879432
baltimor_1082153840113418166_20150925.jpg,Adidas,376.0,869.0,461.0,932.0,1080.0,1350.0,0.690155
baltimor_1082085910900103208_20150925.jpg,Hard Rock Cafe,1009.0,678.0,1048.0,712.0,1080.0,1080.0,0.687664
baltimor_1082242487004214723_20150926.jpg,Mercedes-Benz,169.0,538.0,255.0,608.0,1080.0,1080.0,0.725512
baltimor_1082276732146004137_20150926.jpg,Mercedes-Benz,734.0,353.0,796.0,388.0,1080.0,1080.0,0.77654
baltimor_1082709964465978929_20150926.jpg,Adidas,302.0,333.0,359.0,371.0,1080.0,566.0,0.723111
baltimor_1082766671854802111_20150926.jpg,Coca-Cola,824.0,668.0,876.0,709.0,1080.0,1080.0,0.644441
baltimor_1082864768799984147_20150926.jpg,Toyota,0.0,1031.0,39.0,1068.0,1080.0,1080.0,0.658829
baltimor_1083068600248211698_20150927.jpg,Mercedes-Benz,0.0,786.0,74.0,868.0,960.0,960.0,0.859548
baltimor_1082986275389814639_20150927.jpg,Starbucks,447.0,300.0,616.0,489.0,1080.0,1080.0,0.65612
baltimor_1083370845432700409_20150927.jpg,NFL,162.0,163.0,478.0,508.0,640.0,640.0,0.727006
baltimor_1083397080747082333_20150927.jpg,Toyota,112.0,248.0,152.0,262.0,480.0,480.0,0.707592
baltimor_1083406608183267732_20150927.jpg,Hard Rock Cafe,150.0,504.0,214.0,546.0,960.0,960.0,0.807291
baltimor_1083424697150032757_20150927.jpg,Toyota,326.0,708.0,423.0,750.0,1037.0,1037.0,0.840005
baltimor_1083541943981010183_20150927.jpg,Mercedes-Benz,433.0,338.0,455.0,355.0,741.0,678.0,0.661786
baltimor_1083541943981010183_20150927.jpg,Mercedes-Benz,364.0,541.0,394.0,558.0,741.0,678.0,0.687612
baltimor_1083559790877982026_20150927.jpg,The North Face,364.0,466.0,390.0,500.0,1080.0,1080.0,0.680834
baltimor_1083566391699329641_20150927.jpg,The North Face,306.0,159.0,342.0,200.0,564.0,564.0,0.886719
baltimor_1084028356686699866_20150928.jpg,Nike,1028.0,526.0,1078.0,580.0,1080.0,1080.0,0.710809
baltimor_1084280560761924845_20150928.jpg,Toyota,631.0,181.0,732.0,217.0,1080.0,852.0,0.690171
baltimor_1084414408192807636_20150929.jpg,Coca-Cola,411.0,212.0,460.0,263.0,530.0,483.0,0.930903
baltimor_1084826646562284238_20150929.jpg,NFL,692.0,980.0,785.0,1078.0,1080.0,1080.0,0.781264
baltimor_1084760520362175504_20150929.jpg,Coca-Cola,96.0,736.0,302.0,932.0,1080.0,1080.0,0.942223
baltimor_1084760520362175504_20150929.jpg,Coca-Cola,753.0,763.0,935.0,925.0,1080.0,1080.0,0.948294
baltimor_1084827935884284708_20150929.jpg,Puma,756.0,744.0,871.0,822.0,1080.0,1080.0,0.887829
baltimor_1084849967606011817_20150929.jpg,Nike,105.0,31.0,502.0,584.0,640.0,640.0,0.640094
baltimor_1084788432970070689_20150929.jpg,NFL,280.0,5.0,773.0,466.0,1080.0,1080.0,0.759251
baltimor_1084918844937851573_20150929.jpg,Toyota,535.0,316.0,713.0,393.0,784.0,784.0,0.881761
baltimor_1085148507902410383_20150930.jpg,Toyota,771.0,262.0,856.0,304.0,1080.0,1080.0,0.780285
baltimor_1085200696856662025_20150930.jpg,Coca-Cola,351.0,288.0,508.0,458.0,600.0,600.0,0.959049
baltimor_1085231165740079151_20150930.jpg,Pepsi,147.0,819.0,202.0,855.0,1000.0,1000.0,0.692542
baltimor_1085247256741945414_20150930.jpg,NFL,606.0,169.0,641.0,211.0,1080.0,1350.0,0.746187
